species,allele,length,peptide,inequality,ic50,log50k,my_pred
human,HLA-B*48:01,9,RQWFLDLPL,=,1.732478211,0.95,0.97820675
human,HLA-B*48:01,9,KQLGQVMLL,=,6.72247594,0.82,0.8250102
human,HLA-B*48:01,9,WKYLNAVSL,=,14.0,0.76,0.76526374
human,HLA-B*48:01,9,RQWAQDLTL,=,31.0,0.68,0.6902583
human,HLA-B*48:01,9,REMGIVDLL,=,93.73257323,0.58,0.59127617
human,HLA-B*48:01,9,RRDKRSVAL,=,153.0,0.54,0.50279635
human,HLA-B*48:01,9,WQFAIHYSF,=,159.9333055,0.53,0.5325604
human,HLA-B*48:01,9,RECGARVIL,=,380.7665236,0.45,0.43737632
human,HLA-B*48:01,9,RRYTRRISL,=,385.0,0.45,0.43185258
human,HLA-B*48:01,9,RREKRSVAL,=,842.8333004,0.38,0.37789506
human,HLA-B*48:01,9,RRCLKPVIL,=,978.0,0.36,0.36978498
human,HLA-B*48:01,9,SQIETGTPF,=,1653.833317,0.32,0.30927068
human,HLA-B*48:01,9,SESTIDIIL,=,2174.0,0.29,0.29405016
human,HLA-B*48:01,9,NQLYLTVSF,=,4112.766653,0.23,0.23697896
human,HLA-B*48:01,9,RRYDKLMSF,=,4239.833327,0.23,0.22086738
human,HLA-B*48:01,9,FIRYGDASL,=,4585.0,0.22,0.21497276
human,HLA-B*48:01,9,YRFRFRSVY,>,10000.0,0.15,0.07678638
human,HLA-B*48:01,9,RRFDTFKAF,=,17297.9,0.1,0.30303594
human,HLA-B*48:01,9,AAKKKGASL,>,20000.0,0.08,0.16583636
human,HLA-B*48:01,9,AEILSGRVI,>,20000.0,0.08,0.085966066
human,HLA-B*48:01,9,AHYEEDVNL,>,20000.0,0.08,0.08228662
human,HLA-B*48:01,9,AIHPFALLL,>,20000.0,0.08,0.18729463
human,HLA-B*48:01,9,ALYEKKLAL,>,20000.0,0.08,0.08725734
human,HLA-B*48:01,9,APKEFRGAL,>,20000.0,0.08,0.09040742
human,HLA-B*48:01,9,APRELLQYI,>,20000.0,0.08,0.08605268
human,HLA-B*48:01,9,APRRRDEEL,>,20000.0,0.08,0.092007905
human,HLA-B*48:01,9,ARYDVALSE,>,20000.0,0.08,0.07828151
human,HLA-B*48:01,9,ARYSNFAWY,>,20000.0,0.08,0.09630522
human,HLA-B*48:01,9,ASSSNYNTY,>,20000.0,0.08,0.07622264
human,HLA-B*48:01,9,AVYLLDGLR,>,20000.0,0.08,0.06793259
human,HLA-B*48:01,9,AYDHGNVIL,>,20000.0,0.08,0.0888757
human,HLA-B*48:01,9,CARRRLRTL,>,20000.0,0.08,0.07982615
human,HLA-B*48:01,9,CRTAFKPVL,>,20000.0,0.08,0.08920872
human,HLA-B*48:01,9,DHLKEKSSL,>,20000.0,0.08,0.079123035
human,HLA-B*48:01,9,DIKLIDIAL,>,20000.0,0.08,0.08367568
human,HLA-B*48:01,9,DILASIIDY,>,20000.0,0.08,0.06002282
human,HLA-B*48:01,9,DIVKGLSGY,>,20000.0,0.08,0.060219526
human,HLA-B*48:01,9,DIVRVFNEY,>,20000.0,0.08,0.05995044
human,HLA-B*48:01,9,DLKLVDVKL,>,20000.0,0.08,0.074696735
human,HLA-B*48:01,9,DLKRIGASL,>,20000.0,0.08,0.07321379
human,HLA-B*48:01,9,DPKKTGGPI,>,20000.0,0.08,0.06773451
human,HLA-B*48:01,9,DTRGIFSAY,>,20000.0,0.08,0.059620094
human,HLA-B*48:01,9,DTTTDISKY,>,20000.0,0.08,0.05870437
human,HLA-B*48:01,9,DYKECEWPL,>,20000.0,0.08,0.082622945
human,HLA-B*48:01,9,EFKSRFFVM,>,20000.0,0.08,0.085776344
human,HLA-B*48:01,9,EHVQGDIDL,>,20000.0,0.08,0.08760999
human,HLA-B*48:01,9,EIINNGISY,>,20000.0,0.08,0.07459018
human,HLA-B*48:01,9,EIIPKIKAY,>,20000.0,0.08,0.066552654
human,HLA-B*48:01,9,EIKDRILSY,>,20000.0,0.08,0.07329331
human,HLA-B*48:01,9,EKLKKKSAF,>,20000.0,0.08,0.0882653
human,HLA-B*48:01,9,ELIKELPGY,>,20000.0,0.08,0.074169785
human,HLA-B*48:01,9,ELIRRVRRY,>,20000.0,0.08,0.06386405
human,HLA-B*48:01,9,ELKRQLADL,>,20000.0,0.08,0.09227127
human,HLA-B*48:01,9,EMKEAFHGL,>,20000.0,0.08,0.20734942
human,HLA-B*48:01,9,ERNPYENIL,>,20000.0,0.08,0.08471836
human,HLA-B*48:01,9,ERWFVRNPF,>,20000.0,0.08,0.089839734
human,HLA-B*48:01,9,ESTINLLPY,>,20000.0,0.08,0.06977348
human,HLA-B*48:01,9,ETIEILRNY,>,20000.0,0.08,0.064901836
human,HLA-B*48:01,9,EVFEIIRSY,>,20000.0,0.08,0.068345
human,HLA-B*48:01,9,EVRLATMLF,>,20000.0,0.08,0.085361965
human,HLA-B*48:01,9,EVVDMLSTY,>,20000.0,0.08,0.069216825
human,HLA-B*48:01,9,FHEFLSSKL,>,20000.0,0.08,0.0817939
human,HLA-B*48:01,9,FHERGYVKL,>,20000.0,0.08,0.085029885
human,HLA-B*48:01,9,FHGVAKNPV,>,20000.0,0.08,0.083508596
human,HLA-B*48:01,9,FHKRDMRLL,>,20000.0,0.08,0.079309314
human,HLA-B*48:01,9,FIKDRATAV,>,20000.0,0.08,0.080973625
human,HLA-B*48:01,9,FIYFGKKQY,>,20000.0,0.08,0.06758161
human,HLA-B*48:01,9,FPRCRYVHK,>,20000.0,0.08,0.05809748
human,HLA-B*48:01,9,FPRYPLNVL,>,20000.0,0.08,0.0763782
human,HLA-B*48:01,9,FQVNRFTGY,>,20000.0,0.08,0.08452061
human,HLA-B*48:01,9,FREVWKQLF,>,20000.0,0.08,0.08947601
human,HLA-B*48:01,9,FRFGDPMPF,>,20000.0,0.08,0.08408777
human,HLA-B*48:01,9,FRKGSSIGK,>,20000.0,0.08,0.07325445
human,HLA-B*48:01,9,FRLMRTNFL,>,20000.0,0.08,0.08104274
human,HLA-B*48:01,9,FRRRKRMGF,>,20000.0,0.08,0.07063078
human,HLA-B*48:01,9,FRYKSRCYV,>,20000.0,0.08,0.072400376
human,HLA-B*48:01,9,FTENGPWMY,>,20000.0,0.08,0.0714187
human,HLA-B*48:01,9,FTRYRKEAI,>,20000.0,0.08,0.07607788
human,HLA-B*48:01,9,FVDVGVSAL,>,20000.0,0.08,0.08463785
human,HLA-B*48:01,9,FVFEATKLY,>,20000.0,0.08,0.07247216
human,HLA-B*48:01,9,FVHTLLKTY,>,20000.0,0.08,0.06584822
human,HLA-B*48:01,9,FVNRYGVAY,>,20000.0,0.08,0.07134296
human,HLA-B*48:01,9,FVRSSPANF,>,20000.0,0.08,0.076483004
human,HLA-B*48:01,9,GAPWKIWML,>,20000.0,0.08,0.084048375
human,HLA-B*48:01,9,GFKLRSAVM,>,20000.0,0.08,0.09013711
human,HLA-B*48:01,9,GPKVRTWLF,>,20000.0,0.08,0.08266673
human,HLA-B*48:01,9,GRLKFSLSY,>,20000.0,0.08,0.08428009
human,HLA-B*48:01,9,GRLVTVNPF,>,20000.0,0.08,0.07899711
human,HLA-B*48:01,9,GRMEKKTWK,>,20000.0,0.08,0.08257804
human,HLA-B*48:01,9,GRTFGKLPY,>,20000.0,0.08,0.07802819
human,HLA-B*48:01,9,GRYIVYSSY,>,20000.0,0.08,0.08085971
human,HLA-B*48:01,9,GTEKLTITY,>,20000.0,0.08,0.07731596
human,HLA-B*48:01,9,GVKVRVWLF,>,20000.0,0.08,0.080041766
human,HLA-B*48:01,9,HAETESATL,>,20000.0,0.08,0.23565285
human,HLA-B*48:01,9,HEEFTTNYL,>,20000.0,0.08,0.07936434
human,HLA-B*48:01,9,HHSDDALFI,>,20000.0,0.08,0.087723896
human,HLA-B*48:01,9,HPKLRPILL,>,20000.0,0.08,0.084415235
human,HLA-B*48:01,9,HPTSRRELL,>,20000.0,0.08,0.079113565
human,HLA-B*48:01,9,HRLMSAAIK,>,20000.0,0.08,0.08475278
human,HLA-B*48:01,9,HSNLNDATY,>,20000.0,0.08,0.081694186
human,HLA-B*48:01,9,HTTTGRTSL,>,20000.0,0.08,0.08613458
human,HLA-B*48:01,9,IAHVRDVVM,>,20000.0,0.08,0.12758787
human,HLA-B*48:01,9,IEEVMNIVL,>,20000.0,0.08,0.19185343
human,HLA-B*48:01,9,IHDFVDKTL,>,20000.0,0.08,0.08560091
human,HLA-B*48:01,9,IIRTENRPL,>,20000.0,0.08,0.08147921
human,HLA-B*48:01,9,IIRVTSELL,>,20000.0,0.08,0.08346613
human,HLA-B*48:01,9,IIYYQLAGY,>,20000.0,0.08,0.07259496
human,HLA-B*48:01,9,ILNHKFCNL,>,20000.0,0.08,0.07613927
human,HLA-B*48:01,9,ILRNPGYAL,>,20000.0,0.08,0.084185146
human,HLA-B*48:01,9,IMKVVNRWL,>,20000.0,0.08,0.080053985
human,HLA-B*48:01,9,IMYDSGAKY,>,20000.0,0.08,0.07589765
human,HLA-B*48:01,9,IPRACQKSL,>,20000.0,0.08,0.07605168
human,HLA-B*48:01,9,IPRLLRTFL,>,20000.0,0.08,0.07059091
human,HLA-B*48:01,9,IPVSTNGKI,>,20000.0,0.08,0.07139176
human,HLA-B*48:01,9,IQVNKGVAY,>,20000.0,0.08,0.07794078
human,HLA-B*48:01,9,IRKPKHLYV,>,20000.0,0.08,0.07485275
human,HLA-B*48:01,9,ITMVNSLTY,>,20000.0,0.08,0.06811337
human,HLA-B*48:01,9,IVRTNRNEL,>,20000.0,0.08,0.077706605
human,HLA-B*48:01,9,KCRVKMEKL,>,20000.0,0.08,0.08625196
human,HLA-B*48:01,9,KECVDGTLL,>,20000.0,0.08,0.24717861
human,HLA-B*48:01,9,KELENEYYF,>,20000.0,0.08,0.080681466
human,HLA-B*48:01,9,KFKRKLMYV,>,20000.0,0.08,0.07817979
human,HLA-B*48:01,9,KFRRFTQAI,>,20000.0,0.08,0.32024136
human,HLA-B*48:01,9,KHDEEFCDM,>,20000.0,0.08,0.07210212
human,HLA-B*48:01,9,KHDFIDNPL,>,20000.0,0.08,0.088377945
human,HLA-B*48:01,9,KICEYIRSY,>,20000.0,0.08,0.07660659
human,HLA-B*48:01,9,KIKNRIERL,>,20000.0,0.08,0.09120652
human,HLA-B*48:01,9,KIRNRIERL,>,20000.0,0.08,0.09370159
human,HLA-B*48:01,9,KLLNRVIGY,>,20000.0,0.08,0.070915416
human,HLA-B*48:01,9,KPKHLYVSM,>,20000.0,0.08,0.119717024
human,HLA-B*48:01,9,KQAKAPESK,>,20000.0,0.08,0.075699285
human,HLA-B*48:01,9,KQINPPTVY,>,20000.0,0.08,0.08328627
human,HLA-B*48:01,9,KRASPILRF,>,20000.0,0.08,0.35196164
human,HLA-B*48:01,9,KRFLNGAKY,>,20000.0,0.08,0.08465155
human,HLA-B*48:01,9,KRFNITVSK,>,20000.0,0.08,0.07839182
human,HLA-B*48:01,9,KRIAPMLYK,>,20000.0,0.08,0.07365721
human,HLA-B*48:01,9,KRINSLIKY,>,20000.0,0.08,0.081493095
human,HLA-B*48:01,9,KRLSVNQKY,>,20000.0,0.08,0.07678907
human,HLA-B*48:01,9,KRVQEVKGY,>,20000.0,0.08,0.088315085
human,HLA-B*48:01,9,KRVQEVRGY,>,20000.0,0.08,0.088094026
human,HLA-B*48:01,9,KRVVASLMR,>,20000.0,0.08,0.07903363
human,HLA-B*48:01,9,KTDAGASTY,>,20000.0,0.08,0.079279795
human,HLA-B*48:01,9,KTDIVNTTY,>,20000.0,0.08,0.07643336
human,HLA-B*48:01,9,KVIEKMEVL,>,20000.0,0.08,0.23569678
human,HLA-B*48:01,9,LLLLISLVY,>,20000.0,0.08,0.052962195
human,HLA-B*48:01,9,LLRDKDGVY,>,20000.0,0.08,0.07126658
human,HLA-B*48:01,9,LRWLVERRF,>,20000.0,0.08,0.06808764
human,HLA-B*48:01,9,LYAVTTAVL,>,20000.0,0.08,0.27942684
human,HLA-B*48:01,9,MLRKKQITV,>,20000.0,0.08,0.07804272
human,HLA-B*48:01,9,MRMAWGGSY,>,20000.0,0.08,0.08849729
human,HLA-B*48:01,9,MSRKLHRYI,>,20000.0,0.08,0.08808955
human,HLA-B*48:01,9,MTRVTNNVY,>,20000.0,0.08,0.07148353
human,HLA-B*48:01,9,NHHPRARSM,>,20000.0,0.08,0.08079191
human,HLA-B*48:01,9,NHYLCLNCL,>,20000.0,0.08,0.083708026
human,HLA-B*48:01,9,NIVFSPFGY,>,20000.0,0.08,0.07031393
human,HLA-B*48:01,9,NMAPEKVDF,>,20000.0,0.08,0.08399597
human,HLA-B*48:01,9,NPKLRNCRI,>,20000.0,0.08,0.072506994
human,HLA-B*48:01,9,NQECWDSVF,>,20000.0,0.08,0.08712519
human,HLA-B*48:01,9,NQQVTNSKY,>,20000.0,0.08,0.07788209
human,HLA-B*48:01,9,NRDVSFQDL,>,20000.0,0.08,0.26038665
human,HLA-B*48:01,9,NRLKPRDFK,>,20000.0,0.08,0.08135508
human,HLA-B*48:01,9,NSDTVDWSW,>,20000.0,0.08,0.10381439
human,HLA-B*48:01,9,NSNINVINY,>,20000.0,0.08,0.07314569
human,HLA-B*48:01,9,NTDAFSREY,>,20000.0,0.08,0.06675404
human,HLA-B*48:01,9,PHDPDFLVL,>,20000.0,0.08,0.08340743
human,HLA-B*48:01,9,PMQQLTQPL,>,20000.0,0.08,0.11668789
human,HLA-B*48:01,9,QENEIYTYF,>,20000.0,0.08,0.08222742
human,HLA-B*48:01,9,QLAKRSEIL,>,20000.0,0.08,0.17525862
human,HLA-B*48:01,9,QLDQRRALL,>,20000.0,0.08,0.08490557
human,HLA-B*48:01,9,QLQKIERWF,>,20000.0,0.08,0.51833534
human,HLA-B*48:01,9,QLSLKMLSL,>,20000.0,0.08,0.3332625
human,HLA-B*48:01,9,QLSLRMLSL,>,20000.0,0.08,0.30201
human,HLA-B*48:01,9,QQDTNSAGL,>,20000.0,0.08,0.2683278
human,HLA-B*48:01,9,QQYHRFGLY,>,20000.0,0.08,0.09378432
human,HLA-B*48:01,9,QVIEYLKPY,>,20000.0,0.08,0.08370082
human,HLA-B*48:01,9,QVKRREGMF,>,20000.0,0.08,0.08865899
human,HLA-B*48:01,9,REIGDISYL,>,20000.0,0.08,0.31122375
human,HLA-B*48:01,9,RKHGGMLVR,>,20000.0,0.08,0.08662501
human,HLA-B*48:01,9,RKLLESQGR,>,20000.0,0.08,0.071122356
human,HLA-B*48:01,9,RPLMKNTYL,>,20000.0,0.08,0.0792459
human,HLA-B*48:01,9,RQAELSKAY,>,20000.0,0.08,0.08572845
human,HLA-B*48:01,9,RQEKWMTGR,>,20000.0,0.08,0.07789485
human,HLA-B*48:01,9,RQLANAIFK,>,20000.0,0.08,0.09480628
human,HLA-B*48:01,9,RRFGGTVIR,>,20000.0,0.08,0.081527546
human,HLA-B*48:01,9,RRFLEPVGK,>,20000.0,0.08,0.07680447
human,HLA-B*48:01,9,RRLAATTEK,>,20000.0,0.08,0.074593484
human,HLA-B*48:01,9,RRLLGTFTW,>,20000.0,0.08,0.47147608
human,HLA-B*48:01,9,RRMGGLRKY,>,20000.0,0.08,0.08543793
human,HLA-B*48:01,9,RRMRRPTGK,>,20000.0,0.08,0.084064275
human,HLA-B*48:01,9,RRSRRSLTV,>,20000.0,0.08,0.30259913
human,HLA-B*48:01,9,RRTAAGIMK,>,20000.0,0.08,0.0831635
human,HLA-B*48:01,9,RRVFHGVAK,>,20000.0,0.08,0.083272055
human,HLA-B*48:01,9,RRWCFDGPR,>,20000.0,0.08,0.07489973
human,HLA-B*48:01,9,RRYGGGLVR,>,20000.0,0.08,0.084614
human,HLA-B*48:01,9,RRYQIAQYK,>,20000.0,0.08,0.09212077
human,HLA-B*48:01,9,RSNDTELNY,>,20000.0,0.08,0.076454245
human,HLA-B*48:01,9,RVATENIAV,>,20000.0,0.08,0.09188145
human,HLA-B*48:01,9,RVFDKADGK,>,20000.0,0.08,0.069739774
human,HLA-B*48:01,9,RVRPKKEVL,>,20000.0,0.08,0.08874197
human,HLA-B*48:01,9,SCRVKLSAL,>,20000.0,0.08,0.08568466
human,HLA-B*48:01,9,SHDVLTVQF,>,20000.0,0.08,0.124206476
human,HLA-B*48:01,9,SHGIDVTDL,>,20000.0,0.08,0.17972428
human,HLA-B*48:01,9,SIIQEKLGY,>,20000.0,0.08,0.07520698
human,HLA-B*48:01,9,SIKFKRKLM,>,20000.0,0.08,0.07484888
human,HLA-B*48:01,9,SPVIVNGAM,>,20000.0,0.08,0.07955492
human,HLA-B*48:01,9,SRAIWFMWL,>,20000.0,0.08,0.08491013
human,HLA-B*48:01,9,SRAIWYMWL,>,20000.0,0.08,0.11833309
human,HLA-B*48:01,9,SRIRDGLQY,>,20000.0,0.08,0.08221788
human,HLA-B*48:01,9,SRKASNTIL,>,20000.0,0.08,0.3251077
human,HLA-B*48:01,9,SRLLMRRMR,>,20000.0,0.08,0.04955691
human,HLA-B*48:01,9,SRLTYQWHK,>,20000.0,0.08,0.06607199
human,HLA-B*48:01,9,SRWSRKMLM,>,20000.0,0.08,0.07991039
human,HLA-B*48:01,9,SSDDFALIV,>,20000.0,0.08,0.08216412
human,HLA-B*48:01,9,SSLRYGNVL,>,20000.0,0.08,0.08776793
human,HLA-B*48:01,9,STSRSYMSF,>,20000.0,0.08,0.08315676
human,HLA-B*48:01,9,TEGEGRVIL,>,20000.0,0.08,0.08827253
human,HLA-B*48:01,9,TESDAIRTL,>,20000.0,0.08,0.08993258
human,HLA-B*48:01,9,THEANTMAM,>,20000.0,0.08,0.087694354
human,HLA-B*48:01,9,THYSGNIVH,>,20000.0,0.08,0.07794775
human,HLA-B*48:01,9,TKDTNDNNL,>,20000.0,0.08,0.087888785
human,HLA-B*48:01,9,TLELNMETL,>,20000.0,0.08,0.08154902
human,HLA-B*48:01,9,TLKGTSYKM,>,20000.0,0.08,0.07095601
human,HLA-B*48:01,9,TMMRHRREL,>,20000.0,0.08,0.07537787
human,HLA-B*48:01,9,TPKIRFWHV,>,20000.0,0.08,0.066948354
human,HLA-B*48:01,9,TPREAPYEL,>,20000.0,0.08,0.08325128
human,HLA-B*48:01,9,TRAVGKPLL,>,20000.0,0.08,0.08782665
human,HLA-B*48:01,9,TRDHVNLVL,>,20000.0,0.08,0.15552807
human,HLA-B*48:01,9,TSDYINTSL,>,20000.0,0.08,0.089441285
human,HLA-B*48:01,9,VEIFKHLVF,>,20000.0,0.08,0.080812305
human,HLA-B*48:01,9,VEIPNRIVF,>,20000.0,0.08,0.07842915
human,HLA-B*48:01,9,VERLKHGTF,>,20000.0,0.08,0.0865666
human,HLA-B*48:01,9,VERRLVKVL,>,20000.0,0.08,0.08353556
human,HLA-B*48:01,9,VHGMNFTKL,>,20000.0,0.08,0.20814267
human,HLA-B*48:01,9,VIARTHTAL,>,20000.0,0.08,0.08252983
human,HLA-B*48:01,9,VNRWLFRHL,>,20000.0,0.08,0.07819319
human,HLA-B*48:01,9,VPAMFTAAL,>,20000.0,0.08,0.08412568
human,HLA-B*48:01,9,VPAWLPLGI,>,20000.0,0.08,0.07435368
human,HLA-B*48:01,9,VPHVIEEVM,>,20000.0,0.08,0.0873275
human,HLA-B*48:01,9,VRDVVMPAL,>,20000.0,0.08,0.11929212
human,HLA-B*48:01,9,VRGGMVAPL,>,20000.0,0.08,0.08960122
human,HLA-B*48:01,9,VSEKYTDMY,>,20000.0,0.08,0.076780364
human,HLA-B*48:01,9,VSFDQNLDY,>,20000.0,0.08,0.06790787
human,HLA-B*48:01,9,VYQRGTHPF,>,20000.0,0.08,0.12597567
human,HLA-B*48:01,9,WHTTKGAAL,>,20000.0,0.08,0.43639764
human,HLA-B*48:01,9,WIPKRNRSI,>,20000.0,0.08,0.07994317
human,HLA-B*48:01,9,WQFGPSTYY,>,20000.0,0.08,0.08948341
human,HLA-B*48:01,9,WRTIMAVLF,>,20000.0,0.08,0.112103775
human,HLA-B*48:01,9,WSQNPTMLY,>,20000.0,0.08,0.17060643
human,HLA-B*48:01,9,YCPGTTVTL,>,20000.0,0.08,0.096578024
human,HLA-B*48:01,9,YDRLASTVI,>,20000.0,0.08,0.07618536
human,HLA-B*48:01,9,YERGNIIIF,>,20000.0,0.08,0.083575666
human,HLA-B*48:01,9,YFARRFKYL,>,20000.0,0.08,0.089371525
human,HLA-B*48:01,9,YFHKRDMRL,>,20000.0,0.08,0.081607684
human,HLA-B*48:01,9,YFTFDLTAL,>,20000.0,0.08,0.08420339
human,HLA-B*48:01,9,YKDANISMY,>,20000.0,0.08,0.08104305
human,HLA-B*48:01,9,YLEGTRTLL,>,20000.0,0.08,0.0879742
human,HLA-B*48:01,9,YPAVINSNI,>,20000.0,0.08,0.07439655
human,HLA-B*48:01,9,YPKFHRSAM,>,20000.0,0.08,0.08265379
human,HLA-B*48:01,9,YPPPRYITV,>,20000.0,0.08,0.06407775
human,HLA-B*48:01,9,YQNEVTPEY,>,20000.0,0.08,0.07810523
human,HLA-B*48:01,9,YQYIFLSFF,>,20000.0,0.08,0.290211
human,HLA-B*48:01,9,YQYPRDTHY,>,20000.0,0.08,0.08688865
human,HLA-B*48:01,9,YRHKVVKVM,>,20000.0,0.08,0.1759494
human,HLA-B*48:01,9,YRIMTRGLL,>,20000.0,0.08,0.09353092
human,HLA-B*48:01,9,YRLRGEARK,>,20000.0,0.08,0.07093283
human,HLA-B*48:01,9,YRLRGEERK,>,20000.0,0.08,0.07321279
human,HLA-B*48:01,9,YRNALSMMP,>,20000.0,0.08,0.086444534
human,HLA-B*48:01,9,YRNFSFSLK,>,20000.0,0.08,0.08704555
human,HLA-B*48:01,9,YRRKLTNPA,>,20000.0,0.08,0.083602674
human,HLA-B*48:01,9,YRTLNLFRY,>,20000.0,0.08,0.06910625
human,HLA-B*48:01,9,YSLLNRKAI,>,20000.0,0.08,0.07387217
human,HLA-B*48:01,9,YTDLTYQSF,>,20000.0,0.08,0.074414104
human,HLA-B*48:01,9,YTMDGEYRL,>,20000.0,0.08,0.086104974
human,HLA-B*48:01,9,YVVSRRGDL,>,20000.0,0.08,0.07691081
human,HLA-B*48:01,9,YYPEDPVKL,>,20000.0,0.08,0.08478483
